models,accuracy,precision,recall,f1,auc
GCN (GNN),0.8361064891846922,0.18357487922705315,0.5757575757575758,0.2783882783882784,0.7838508322663253
GraphSAGE (GNN),0.872712146422629,0.26229508196721313,0.7272727272727273,0.3855421686746988,0.9091042466922749
GAT (GNN),0.870216306156406,0.2222222222222222,0.5454545454545454,0.3157894736842105,0.787171895006402
Random Forest (ML),0.9733777038269551,1.0,0.5151515151515151,0.68,0.9035891485275289
Gradient Boosting (ML),0.9775374376039934,0.9333333333333333,0.6363636363636364,0.7567567567567568,0.9624679897567222
Logistic Regression (ML),0.9043261231281198,0.3532934131736527,0.8939393939393939,0.5064377682403434,0.9749786598378148
SVM (ML),0.937603993344426,0.45161290322580644,0.6363636363636364,0.5283018867924528,0.9045561246265472
